﻿<?xml version="1.0" encoding="utf-8"?>
<Windows>
<!-- 进度 -->
  <VerticalLayout >
  
    <!--<VerticalLayout width="480" height="250" roundcorner="5,5" bkimage="file='form\un_pic.png'">-->
	<VerticalLayout width="480" height="250">
	<ImageShow images="form\in_pic_1.png form\in_pic_2.png form\in_pic_3.png" imagecount="3" loop="true" width="480" height="250" />
	</VerticalLayout>
	<VerticalLayout bkcolor="#FFFFFFFF" >   
	
	<Control height="60" />
	<Slider name="slrUnInstProgress" padding="30,0,30,0" height="3" mouse="false" foreimage="form\fg.png" bkimage="form\bg.png" thumbsize="0,0" bkcolor="#FFD8D8D8"  />
	<HorizontalLayout height="20" padding="30,5,0,0">
	<Label font="0" name="un_progress_tip" width="100" textcolor="#ff555555" text="正在卸载" />
	<Control />
	<Label font="0" name="un_progress_pos" width="60" textalign="right" textcolor="#ff555555" />
	</HorizontalLayout>
	<Control />
	
	</VerticalLayout>
	</VerticalLayout>	
</Windows>